[{"model": "admin.logentry", "pk": 1, "fields": {"action_time": "2021-08-04T10:24:03.472Z", "user": 1, "content_type": 7, "object_id": "1", "object_repr": "babagifts.example.com", "action_flag": 2, "change_message": "[{\"changed\": {\"fields\": [\"Domain name\", \"Display name\"]}}]"}}, {"model": "admin.logentry", "pk": 2, "fields": {"action_time": "2021-08-04T10:34:09.590Z", "user": 1, "content_type": 8, "object_id": "1", "object_repr": "iryna.sanzhara@gmail.com", "action_flag": 1, "change_message": "[{\"added\": {}}]"}}, {"model": "admin.logentry", "pk": 3, "fields": {"action_time": "2021-08-06T18:15:25.744Z", "user": 1, "content_type": 13, "object_id": "1", "object_repr": "Leather Soft Soled Shoes for Boys", "action_flag": 1, "change_message": "[{\"added\": {}}]"}}, {"model": "admin.logentry", "pk": 4, "fields": {"action_time": "2021-08-09T09:34:12.696Z", "user": 1, "content_type": 13, "object_id": "1", "object_repr": "Leather Soft Soled Shoes for Boys", "action_flag": 2, "change_message": "[{\"changed\": {\"fields\": [\"Image url\"]}}]"}}, {"model": "admin.logentry", "pk": 5, "fields": {"action_time": "2021-08-09T09:39:08.260Z", "user": 1, "content_type": 13, "object_id": "1", "object_repr": "Leather Soft Soled Shoes for Boys", "action_flag": 2, "change_message": "[{\"changed\": {\"fields\": [\"Image url\"]}}]"}}, {"model": "admin.logentry", "pk": 6, "fields": {"action_time": "2021-08-09T10:43:50.824Z", "user": 1, "content_type": 13, "object_id": "2", "object_repr": "Leather Soft Soled Brogue Shoes for Boys", "action_flag": 1, "change_message": "[{\"added\": {}}]"}}, {"model": "admin.logentry", "pk": 7, "fields": {"action_time": "2021-08-09T10:46:35.691Z", "user": 1, "content_type": 13, "object_id": "3", "object_repr": "Leather Soft Soled Baby Moccasins", "action_flag": 1, "change_message": "[{\"added\": {}}]"}}, {"model": "admin.logentry", "pk": 8, "fields": {"action_time": "2021-08-09T10:47:52.317Z", "user": 1, "content_type": 13, "object_id": "4", "object_repr": "Leather Soft Soled Baby Moccasins with Fringe", "action_flag": 1, "change_message": "[{\"added\": {}}]"}}, {"model": "admin.logentry", "pk": 9, "fields": {"action_time": "2021-08-09T10:49:07.167Z", "user": 1, "content_type": 13, "object_id": "5", "object_repr": "Leather Soft Soled Brogue Shoes for Girls", "action_flag": 1, "change_message": "[{\"added\": {}}]"}}, {"model": "admin.logentry", "pk": 10, "fields": {"action_time": "2021-08-09T10:49:19.130Z", "user": 1, "content_type": 13, "object_id": "4", "object_repr": "Leather Soft Soled Baby Moccasins with Fringe", "action_flag": 2, "change_message": "[{\"changed\": {\"fields\": [\"Description\"]}}]"}}, {"model": "admin.logentry", "pk": 11, "fields": {"action_time": "2021-08-09T11:01:02.363Z", "user": 1, "content_type": 13, "object_id": "1", "object_repr": "Leather Soft Soled Shoes for Boys", "action_flag": 2, "change_message": "[{\"changed\": {\"fields\": [\"Image url\", \"Image\"]}}]"}}, {"model": "admin.logentry", "pk": 12, "fields": {"action_time": "2021-08-09T11:07:40.938Z", "user": 1, "content_type": 13, "object_id": "6", "object_repr": "Leather Baby Ballerina Shoes", "action_flag": 1, "change_message": "[{\"added\": {}}]"}}, {"model": "admin.logentry", "pk": 13, "fields": {"action_time": "2021-08-09T11:13:11.650Z", "user": 1, "content_type": 13, "object_id": "7", "object_repr": "New Baby Hamper", "action_flag": 1, "change_message": "[{\"added\": {}}]"}}, {"model": "admin.logentry", "pk": 14, "fields": {"action_time": "2021-08-09T11:15:03.330Z", "user": 1, "content_type": 13, "object_id": "8", "object_repr": "Reversible leather crown", "action_flag": 1, "change_message": "[{\"added\": {}}]"}}, {"model": "admin.logentry", "pk": 15, "fields": {"action_time": "2021-08-10T05:27:19.170Z", "user": 1, "content_type": 13, "object_id": "9", "object_repr": "Set of 2 leather hair bows", "action_flag": 1, "change_message": "[{\"added\": {}}]"}}, {"model": "admin.logentry", "pk": 16, "fields": {"action_time": "2021-08-11T06:12:23.649Z", "user": 1, "content_type": 13, "object_id": "10", "object_repr": "Leather Soft Soled Shoes with Bows", "action_flag": 1, "change_message": "[{\"added\": {}}]"}}, {"model": "admin.logentry", "pk": 17, "fields": {"action_time": "2021-08-11T06:19:12.648Z", "user": 1, "content_type": 13, "object_id": "11", "object_repr": "Soother Clip", "action_flag": 1, "change_message": "[{\"added\": {}}]"}}, {"model": "admin.logentry", "pk": 18, "fields": {"action_time": "2021-08-11T06:20:37.776Z", "user": 1, "content_type": 13, "object_id": "12", "object_repr": "Set of 3 leather hair bows", "action_flag": 1, "change_message": "[{\"added\": {}}]"}}, {"model": "admin.logentry", "pk": 19, "fields": {"action_time": "2021-08-11T06:21:35.912Z", "user": 1, "content_type": 13, "object_id": "1", "object_repr": "Leather Soft Soled Shoes for Boys", "action_flag": 2, "change_message": "[{\"changed\": {\"fields\": [\"Image url\", \"Image\"]}}]"}}, {"model": "admin.logentry", "pk": 20, "fields": {"action_time": "2021-08-11T12:51:53.297Z", "user": 1, "content_type": 13, "object_id": "7", "object_repr": "First Birthday Gift Box for Boys", "action_flag": 2, "change_message": "[{\"changed\": {\"fields\": [\"Name\", \"Description\"]}}]"}}, {"model": "admin.logentry", "pk": 21, "fields": {"action_time": "2021-08-11T12:59:25.142Z", "user": 1, "content_type": 13, "object_id": "1", "object_repr": "Leather Soft Soled Shoes for Boys", "action_flag": 2, "change_message": "[{\"changed\": {\"fields\": [\"Has sizes\"]}}]"}}, {"model": "admin.logentry", "pk": 22, "fields": {"action_time": "2021-08-11T12:59:38.033Z", "user": 1, "content_type": 13, "object_id": "2", "object_repr": "Leather Soft Soled Brogue Shoes for Boys", "action_flag": 2, "change_message": "[{\"changed\": {\"fields\": [\"Has sizes\"]}}]"}}, {"model": "admin.logentry", "pk": 23, "fields": {"action_time": "2021-08-11T12:59:45.341Z", "user": 1, "content_type": 13, "object_id": "3", "object_repr": "Leather Soft Soled Baby Moccasins", "action_flag": 2, "change_message": "[{\"changed\": {\"fields\": [\"Has sizes\"]}}]"}}, {"model": "admin.logentry", "pk": 24, "fields": {"action_time": "2021-08-11T12:59:52.794Z", "user": 1, "content_type": 13, "object_id": "4", "object_repr": "Leather Soft Soled Baby Moccasins with Fringe", "action_flag": 2, "change_message": "[{\"changed\": {\"fields\": [\"Has sizes\"]}}]"}}, {"model": "admin.logentry", "pk": 25, "fields": {"action_time": "2021-08-11T12:59:58.931Z", "user": 1, "content_type": 13, "object_id": "5", "object_repr": "Leather Soft Soled Brogue Shoes for Girls", "action_flag": 2, "change_message": "[{\"changed\": {\"fields\": [\"Has sizes\"]}}]"}}, {"model": "admin.logentry", "pk": 26, "fields": {"action_time": "2021-08-11T13:00:05.257Z", "user": 1, "content_type": 13, "object_id": "6", "object_repr": "Leather Baby Ballerina Shoes", "action_flag": 2, "change_message": "[{\"changed\": {\"fields\": [\"Has sizes\"]}}]"}}, {"model": "admin.logentry", "pk": 27, "fields": {"action_time": "2021-08-11T13:00:19.604Z", "user": 1, "content_type": 13, "object_id": "8", "object_repr": "Reversible leather crown", "action_flag": 2, "change_message": "[{\"changed\": {\"fields\": [\"Has sizes\"]}}]"}}, {"model": "admin.logentry", "pk": 28, "fields": {"action_time": "2021-08-11T13:00:27.416Z", "user": 1, "content_type": 13, "object_id": "10", "object_repr": "Leather Soft Soled Shoes with Bows", "action_flag": 2, "change_message": "[{\"changed\": {\"fields\": [\"Has sizes\"]}}]"}}, {"model": "admin.logentry", "pk": 29, "fields": {"action_time": "2021-08-11T13:00:41.293Z", "user": 1, "content_type": 13, "object_id": "12", "object_repr": "Set of 3 leather hair bows", "action_flag": 2, "change_message": "[]"}}, {"model": "admin.logentry", "pk": 30, "fields": {"action_time": "2021-08-20T16:21:50.506Z", "user": 1, "content_type": 14, "object_id": "2", "object_repr": "24F8B8F4BF094C47B93B070CDD36B699", "action_flag": 2, "change_message": "[{\"deleted\": {\"name\": \"order line item\", \"object\": \"SKU s10010 on order 24F8B8F4BF094C47B93B070CDD36B699\"}}]"}}, {"model": "admin.logentry", "pk": 31, "fields": {"action_time": "2021-08-20T16:22:09.837Z", "user": 1, "content_type": 14, "object_id": "2", "object_repr": "24F8B8F4BF094C47B93B070CDD36B699", "action_flag": 2, "change_message": "[{\"changed\": {\"name\": \"order line item\", \"object\": \"SKU s10009 on order 24F8B8F4BF094C47B93B070CDD36B699\", \"fields\": [\"Product\", \"Product size\"]}}]"}}, {"model": "admin.logentry", "pk": 32, "fields": {"action_time": "2021-08-22T14:42:10.147Z", "user": 1, "content_type": 13, "object_id": "14", "object_repr": "test2", "action_flag": 3, "change_message": ""}}, {"model": "admin.logentry", "pk": 33, "fields": {"action_time": "2021-08-23T09:48:54.140Z", "user": 1, "content_type": 17, "object_id": "1", "object_repr": "Monthly headband subscription", "action_flag": 1, "change_message": "[{\"added\": {}}]"}}, {"model": "admin.logentry", "pk": 34, "fields": {"action_time": "2021-08-26T11:08:47.694Z", "user": 1, "content_type": 17, "object_id": "1", "object_repr": "Monthly headband subscription - 3 months", "action_flag": 2, "change_message": "[{\"changed\": {\"fields\": [\"Name\", \"Duration\"]}}]"}}, {"model": "admin.logentry", "pk": 35, "fields": {"action_time": "2021-08-27T11:14:49.973Z", "user": 1, "content_type": 18, "object_id": "4", "object_repr": "9FF7F1866C354E69BDAFA22708D8B7F4", "action_flag": 3, "change_message": ""}}, {"model": "admin.logentry", "pk": 36, "fields": {"action_time": "2021-08-27T11:14:50Z", "user": 1, "content_type": 18, "object_id": "3", "object_repr": "A46B402D73404974A77E4DC0D357589E", "action_flag": 3, "change_message": ""}}, {"model": "admin.logentry", "pk": 37, "fields": {"action_time": "2021-08-27T11:14:50.028Z", "user": 1, "content_type": 18, "object_id": "2", "object_repr": "851DE3A9A520400694DAE704ACE36D8F", "action_flag": 3, "change_message": ""}}, {"model": "admin.logentry", "pk": 38, "fields": {"action_time": "2021-08-27T11:14:50.058Z", "user": 1, "content_type": 18, "object_id": "1", "object_repr": "FBA9BBAC17CE451EBC3F247BBD3B4A50", "action_flag": 3, "change_message": ""}}, {"model": "admin.logentry", "pk": 39, "fields": {"action_time": "2021-08-27T11:17:48.093Z", "user": 1, "content_type": 17, "object_id": "1", "object_repr": "Monthly headband subscription - 3 months", "action_flag": 2, "change_message": "[{\"changed\": {\"fields\": [\"Price\"]}}]"}}, {"model": "admin.logentry", "pk": 40, "fields": {"action_time": "2021-08-28T09:59:56.213Z", "user": 1, "content_type": 17, "object_id": "1", "object_repr": "Monthly headband subscription - 3 months", "action_flag": 2, "change_message": "[{\"changed\": {\"fields\": [\"Description\"]}}]"}}, {"model": "admin.logentry", "pk": 41, "fields": {"action_time": "2021-08-28T10:00:33.121Z", "user": 1, "content_type": 17, "object_id": "1", "object_repr": "Monthly headband subscription - 3 months", "action_flag": 2, "change_message": "[]"}}, {"model": "admin.logentry", "pk": 42, "fields": {"action_time": "2021-08-28T10:09:15.958Z", "user": 1, "content_type": 17, "object_id": "2", "object_repr": "Monthly hair clip subscription - 3 months", "action_flag": 1, "change_message": "[{\"added\": {}}]"}}, {"model": "admin.logentry", "pk": 43, "fields": {"action_time": "2021-08-28T10:09:26.941Z", "user": 1, "content_type": 17, "object_id": "1", "object_repr": "Monthly headband subscription - 3 months", "action_flag": 2, "change_message": "[{\"changed\": {\"fields\": [\"Description\"]}}]"}}, {"model": "admin.logentry", "pk": 44, "fields": {"action_time": "2021-08-28T10:10:18.905Z", "user": 1, "content_type": 17, "object_id": "2", "object_repr": "Monthly hair clip subscription - 3 months", "action_flag": 2, "change_message": "[]"}}, {"model": "admin.logentry", "pk": 45, "fields": {"action_time": "2021-08-28T10:11:27.915Z", "user": 1, "content_type": 17, "object_id": "2", "object_repr": "Monthly hair clip subscription - 6 months", "action_flag": 2, "change_message": "[{\"changed\": {\"fields\": [\"Name\", \"Price\", \"Duration\"]}}]"}}, {"model": "admin.logentry", "pk": 46, "fields": {"action_time": "2021-08-28T10:11:42.711Z", "user": 1, "content_type": 17, "object_id": "1", "object_repr": "Monthly headband subscription - 6 months", "action_flag": 2, "change_message": "[{\"changed\": {\"fields\": [\"Name\", \"Price\", \"Duration\"]}}]"}}, {"model": "admin.logentry", "pk": 47, "fields": {"action_time": "2021-08-28T10:14:03.045Z", "user": 1, "content_type": 17, "object_id": "3", "object_repr": "First year monthly headband subscription", "action_flag": 1, "change_message": "[{\"added\": {}}]"}}, {"model": "admin.logentry", "pk": 48, "fields": {"action_time": "2021-08-28T10:15:14.303Z", "user": 1, "content_type": 17, "object_id": "3", "object_repr": "First year monthly headband subscription", "action_flag": 2, "change_message": "[{\"changed\": {\"fields\": [\"Description\"]}}]"}}, {"model": "admin.logentry", "pk": 49, "fields": {"action_time": "2021-08-28T10:24:14.572Z", "user": 1, "content_type": 17, "object_id": "1", "object_repr": "Monthly headband subscription - 6 months", "action_flag": 2, "change_message": "[{\"changed\": {\"fields\": [\"Image url\"]}}]"}}, {"model": "admin.logentry", "pk": 50, "fields": {"action_time": "2021-08-28T10:24:57.605Z", "user": 1, "content_type": 17, "object_id": "3", "object_repr": "First year monthly headband subscription", "action_flag": 2, "change_message": "[{\"changed\": {\"fields\": [\"Image url\"]}}]"}}, {"model": "admin.logentry", "pk": 51, "fields": {"action_time": "2021-08-28T10:25:39.765Z", "user": 1, "content_type": 17, "object_id": "2", "object_repr": "Monthly hair clip subscription - 6 months", "action_flag": 2, "change_message": "[{\"changed\": {\"fields\": [\"Image url\"]}}]"}}, {"model": "admin.logentry", "pk": 52, "fields": {"action_time": "2021-08-28T10:33:20.209Z", "user": 1, "content_type": 17, "object_id": "1", "object_repr": "Monthly headband subscription - 6 months", "action_flag": 2, "change_message": "[{\"changed\": {\"fields\": [\"Image url\"]}}]"}}, {"model": "admin.logentry", "pk": 53, "fields": {"action_time": "2021-08-28T11:12:54.204Z", "user": 1, "content_type": 17, "object_id": "3", "object_repr": "First year monthly headband subscription", "action_flag": 2, "change_message": "[{\"changed\": {\"fields\": [\"Description\"]}}]"}}, {"model": "admin.logentry", "pk": 54, "fields": {"action_time": "2021-08-28T11:13:02.865Z", "user": 1, "content_type": 17, "object_id": "2", "object_repr": "Monthly hair clip subscription - 6 months", "action_flag": 2, "change_message": "[{\"changed\": {\"fields\": [\"Description\"]}}]"}}, {"model": "admin.logentry", "pk": 55, "fields": {"action_time": "2021-08-28T11:13:08.143Z", "user": 1, "content_type": 17, "object_id": "1", "object_repr": "Monthly headband subscription - 6 months", "action_flag": 2, "change_message": "[{\"changed\": {\"fields\": [\"Description\"]}}]"}}, {"model": "admin.logentry", "pk": 56, "fields": {"action_time": "2021-08-28T11:16:56.842Z", "user": 1, "content_type": 17, "object_id": "4", "object_repr": "Quarterly headband subscription - 12 months", "action_flag": 1, "change_message": "[{\"added\": {}}]"}}, {"model": "admin.logentry", "pk": 57, "fields": {"action_time": "2021-08-28T12:54:25.323Z", "user": 1, "content_type": 18, "object_id": "7", "object_repr": "4B5B8F7CB8BB4E7CB7647F3023E2F030", "action_flag": 3, "change_message": ""}}, {"model": "admin.logentry", "pk": 58, "fields": {"action_time": "2021-08-28T12:54:25.351Z", "user": 1, "content_type": 18, "object_id": "5", "object_repr": "15F1FFED217F4E4B9992775597101F24", "action_flag": 3, "change_message": ""}}, {"model": "admin.logentry", "pk": 59, "fields": {"action_time": "2021-08-28T14:51:57.543Z", "user": 1, "content_type": 18, "object_id": "7", "object_repr": "CC73B7B33BB44ADF8E9AD9D751094E7F", "action_flag": 2, "change_message": "[{\"changed\": {\"fields\": [\"Description\"]}}]"}}, {"model": "admin.logentry", "pk": 60, "fields": {"action_time": "2021-08-28T15:06:44.420Z", "user": 1, "content_type": 18, "object_id": "7", "object_repr": "CC73B7B33BB44ADF8E9AD9D751094E7F", "action_flag": 3, "change_message": ""}}, {"model": "admin.logentry", "pk": 61, "fields": {"action_time": "2021-08-28T15:06:44.442Z", "user": 1, "content_type": 18, "object_id": "6", "object_repr": "1444D1245AF544D58551A501782CF2E3", "action_flag": 3, "change_message": ""}}, {"model": "admin.logentry", "pk": 62, "fields": {"action_time": "2021-08-28T15:27:31.769Z", "user": 1, "content_type": 18, "object_id": "8", "object_repr": "05290C7E4139405DA6DEBBBD7F4A1FC3", "action_flag": 2, "change_message": "[{\"changed\": {\"fields\": [\"Description\"]}}]"}}, {"model": "admin.logentry", "pk": 63, "fields": {"action_time": "2021-08-28T19:42:11.580Z", "user": 1, "content_type": 18, "object_id": "14", "object_repr": "B48CF95FC7EE48D59682AE6BEC02F2DD", "action_flag": 3, "change_message": ""}}, {"model": "admin.logentry", "pk": 64, "fields": {"action_time": "2021-08-28T19:42:11.604Z", "user": 1, "content_type": 18, "object_id": "13", "object_repr": "305E13006FC441029B2CBEAF4D26589E", "action_flag": 3, "change_message": ""}}, {"model": "admin.logentry", "pk": 65, "fields": {"action_time": "2021-08-28T19:42:11.628Z", "user": 1, "content_type": 18, "object_id": "12", "object_repr": "66497235704B415FBC9CFE8F21245EE8", "action_flag": 3, "change_message": ""}}, {"model": "admin.logentry", "pk": 66, "fields": {"action_time": "2021-08-28T19:42:11.649Z", "user": 1, "content_type": 18, "object_id": "11", "object_repr": "315C66139BFA430B910C1627291637C1", "action_flag": 3, "change_message": ""}}, {"model": "admin.logentry", "pk": 67, "fields": {"action_time": "2021-08-28T19:42:11.672Z", "user": 1, "content_type": 18, "object_id": "10", "object_repr": "2F4C9B2F43834B558EAC3D8B47B092B0", "action_flag": 3, "change_message": ""}}, {"model": "admin.logentry", "pk": 68, "fields": {"action_time": "2021-08-28T19:42:11.695Z", "user": 1, "content_type": 18, "object_id": "9", "object_repr": "D3B4B00543C241A89F8B9919627F5161", "action_flag": 3, "change_message": ""}}, {"model": "admin.logentry", "pk": 69, "fields": {"action_time": "2021-08-28T19:53:36.371Z", "user": 1, "content_type": 18, "object_id": "15", "object_repr": "8D71032E383C460F93DCF337B9804795", "action_flag": 3, "change_message": ""}}, {"model": "admin.logentry", "pk": 70, "fields": {"action_time": "2021-08-28T19:53:36.397Z", "user": 1, "content_type": 18, "object_id": "8", "object_repr": "05290C7E4139405DA6DEBBBD7F4A1FC3", "action_flag": 3, "change_message": ""}}, {"model": "admin.logentry", "pk": 71, "fields": {"action_time": "2021-08-29T06:14:12.128Z", "user": 1, "content_type": 19, "object_id": "10", "object_repr": "wishlist (irasan)", "action_flag": 3, "change_message": ""}}, {"model": "admin.logentry", "pk": 72, "fields": {"action_time": "2021-08-29T06:14:12.161Z", "user": 1, "content_type": 19, "object_id": "9", "object_repr": "wishlist (irasan)", "action_flag": 3, "change_message": ""}}, {"model": "admin.logentry", "pk": 73, "fields": {"action_time": "2021-08-29T06:14:12.194Z", "user": 1, "content_type": 19, "object_id": "8", "object_repr": "wishlist (irasan)", "action_flag": 3, "change_message": ""}}, {"model": "admin.logentry", "pk": 74, "fields": {"action_time": "2021-08-29T06:14:12.227Z", "user": 1, "content_type": 19, "object_id": "7", "object_repr": "wishlist (irasan)", "action_flag": 3, "change_message": ""}}, {"model": "admin.logentry", "pk": 75, "fields": {"action_time": "2021-08-29T06:14:12.257Z", "user": 1, "content_type": 19, "object_id": "6", "object_repr": "wishlist (irasan)", "action_flag": 3, "change_message": ""}}, {"model": "admin.logentry", "pk": 76, "fields": {"action_time": "2021-08-29T06:14:12.293Z", "user": 1, "content_type": 19, "object_id": "5", "object_repr": "wishlist (irasan)", "action_flag": 3, "change_message": ""}}, {"model": "admin.logentry", "pk": 77, "fields": {"action_time": "2021-08-29T06:14:12.322Z", "user": 1, "content_type": 19, "object_id": "4", "object_repr": "wishlist (irasan)", "action_flag": 3, "change_message": ""}}, {"model": "admin.logentry", "pk": 78, "fields": {"action_time": "2021-08-29T06:14:12.349Z", "user": 1, "content_type": 19, "object_id": "3", "object_repr": "wishlist (irasan)", "action_flag": 3, "change_message": ""}}, {"model": "admin.logentry", "pk": 79, "fields": {"action_time": "2021-08-29T06:14:12.378Z", "user": 1, "content_type": 19, "object_id": "2", "object_repr": "wishlist (irasan)", "action_flag": 3, "change_message": ""}}, {"model": "admin.logentry", "pk": 80, "fields": {"action_time": "2021-08-29T06:14:12.403Z", "user": 1, "content_type": 19, "object_id": "1", "object_repr": "wishlist (irasan)", "action_flag": 3, "change_message": ""}}, {"model": "admin.logentry", "pk": 81, "fields": {"action_time": "2021-08-29T11:17:56.807Z", "user": 1, "content_type": 19, "object_id": "26", "object_repr": "wishlist (irasan)", "action_flag": 3, "change_message": ""}}, {"model": "admin.logentry", "pk": 82, "fields": {"action_time": "2021-08-29T11:17:56.839Z", "user": 1, "content_type": 19, "object_id": "25", "object_repr": "wishlist (irasan)", "action_flag": 3, "change_message": ""}}, {"model": "admin.logentry", "pk": 83, "fields": {"action_time": "2021-08-29T11:17:56.867Z", "user": 1, "content_type": 19, "object_id": "24", "object_repr": "wishlist (irasan)", "action_flag": 3, "change_message": ""}}, {"model": "admin.logentry", "pk": 84, "fields": {"action_time": "2021-08-29T11:17:56.898Z", "user": 1, "content_type": 19, "object_id": "23", "object_repr": "wishlist (irasan)", "action_flag": 3, "change_message": ""}}, {"model": "admin.logentry", "pk": 85, "fields": {"action_time": "2021-08-29T11:17:56.926Z", "user": 1, "content_type": 19, "object_id": "22", "object_repr": "wishlist (irasan)", "action_flag": 3, "change_message": ""}}, {"model": "admin.logentry", "pk": 86, "fields": {"action_time": "2021-08-29T11:17:56.954Z", "user": 1, "content_type": 19, "object_id": "21", "object_repr": "wishlist (irasan)", "action_flag": 3, "change_message": ""}}, {"model": "admin.logentry", "pk": 87, "fields": {"action_time": "2021-08-29T11:17:56.983Z", "user": 1, "content_type": 19, "object_id": "20", "object_repr": "wishlist (irasan)", "action_flag": 3, "change_message": ""}}, {"model": "admin.logentry", "pk": 88, "fields": {"action_time": "2021-08-29T11:17:57.018Z", "user": 1, "content_type": 19, "object_id": "19", "object_repr": "wishlist (irasan)", "action_flag": 3, "change_message": ""}}, {"model": "admin.logentry", "pk": 89, "fields": {"action_time": "2021-08-29T11:17:57.046Z", "user": 1, "content_type": 19, "object_id": "18", "object_repr": "wishlist (irasan)", "action_flag": 3, "change_message": ""}}, {"model": "admin.logentry", "pk": 90, "fields": {"action_time": "2021-08-29T11:17:57.075Z", "user": 1, "content_type": 19, "object_id": "17", "object_repr": "wishlist (irasan)", "action_flag": 3, "change_message": ""}}, {"model": "admin.logentry", "pk": 91, "fields": {"action_time": "2021-08-29T11:17:57.106Z", "user": 1, "content_type": 19, "object_id": "16", "object_repr": "wishlist (irasan)", "action_flag": 3, "change_message": ""}}, {"model": "admin.logentry", "pk": 92, "fields": {"action_time": "2021-08-29T11:17:57.141Z", "user": 1, "content_type": 19, "object_id": "15", "object_repr": "wishlist (irasan)", "action_flag": 3, "change_message": ""}}, {"model": "admin.logentry", "pk": 93, "fields": {"action_time": "2021-08-29T11:17:57.175Z", "user": 1, "content_type": 19, "object_id": "14", "object_repr": "wishlist (irasan)", "action_flag": 3, "change_message": ""}}, {"model": "admin.logentry", "pk": 94, "fields": {"action_time": "2021-08-29T11:17:57.206Z", "user": 1, "content_type": 19, "object_id": "13", "object_repr": "wishlist (irasan)", "action_flag": 3, "change_message": ""}}, {"model": "admin.logentry", "pk": 95, "fields": {"action_time": "2021-08-29T11:17:57.237Z", "user": 1, "content_type": 19, "object_id": "12", "object_repr": "wishlist (irasan)", "action_flag": 3, "change_message": ""}}, {"model": "admin.logentry", "pk": 96, "fields": {"action_time": "2021-08-29T11:17:57.267Z", "user": 1, "content_type": 19, "object_id": "11", "object_repr": "wishlist (irasan)", "action_flag": 3, "change_message": ""}}, {"model": "auth.user", "pk": 1, "fields": {"password": "pbkdf2_sha256$260000$VRmyhZx6mD9s4SBMROeSZn$FKqHdZQZ0IRCrOC2je2oy6eRfcZIZElWZBNMw3X68yo=", "last_login": "2021-08-31T09:57:37.651Z", "is_superuser": true, "username": "irasan", "first_name": "", "last_name": "", "email": "", "is_staff": true, "is_active": true, "date_joined": "2021-08-04T10:04:41.363Z", "groups": [], "user_permissions": []}}, {"model": "auth.user", "pk": 2, "fields": {"password": "pbkdf2_sha256$260000$zbepimOpQAB4R01wzd9Dgd$AHq/GCd83tXTmed/Y+z2BjdTraXajgjaFe1kSXgjbLE=", "last_login": "2021-08-22T12:37:17.770Z", "is_superuser": false, "username": "iryna", "first_name": "", "last_name": "", "email": "tester@gmail.com", "is_staff": false, "is_active": true, "date_joined": "2021-08-22T12:32:33.493Z", "groups": [], "user_permissions": []}}, {"model": "auth.user", "pk": 3, "fields": {"password": "pbkdf2_sha256$260000$JMpvsVHutbSi7QtWTpi0na$gRdp5LF1m83g2SOnJRs+XtUP+4kLCzptORdbs5zAyfY=", "last_login": "2021-08-28T15:19:01.685Z", "is_superuser": false, "username": "seantutor", "first_name": "", "last_name": "", "email": "sean@sean.com", "is_staff": false, "is_active": true, "date_joined": "2021-08-28T15:18:24.004Z", "groups": [], "user_permissions": []}}, {"model": "sessions.session", "pk": "0r55t6x6etquxe0xdlm3ehg27otv5rck", "fields": {"session_data": "e30:1mHmW2:6sedR-gF-sPjlHeM9NLSqojW0DLFT2NayzvxPAUmJo8", "expire_date": "2021-09-05T12:23:54.757Z"}}, {"model": "sessions.session", "pk": "1xph44pxlgt8gdo88kklo9z5kjorh7h5", "fields": {"session_data": ".eJyFjEFuwyAQRe8ya8cywZmCl9n3DGiAIaZJoDK22jTy3VskLxopajez-O_Nu4OhZR7NUngy0cMAAprfmyV35lSBf6N0yq3LaZ6ibavSbrS0r9nz5bi5D4GRyvjzTerFH6Rm63QQSnjHiCwRKXTYe6lV37EWew7kWSkm6TztFUpUBxeCczVauJSYk-HP9zjdYOgasHSC4Q59PXHmazH2Zkr84jrgTsMg1rUB9ZQn_rB5Spsjun8i-Cdf1292dW2D:1mGjdD:zLWHYNQNUUXbigRtb2vawJ5R_9e5Zeb26C2mxQIoe2A", "expire_date": "2021-09-02T15:06:59.173Z"}}, {"model": "sessions.session", "pk": "3tmw5sly8t0yyjyys33g17wolns3m9hw", "fields": {"session_data": "eyJzYXZlX2luZm8iOmZhbHNlfQ:1mJDTB:U6S3PxNTt8zPbKb6QW-ekvne-Lq2_Piu8pvYq1OTtC8", "expire_date": "2021-09-09T11:22:53.181Z"}}, {"model": "sessions.session", "pk": "502azk9hv5mhuk3ytwyckk7eblwqayfe", "fields": {"session_data": ".eJxVjEEOgjAQRe_StSGUQm1ZuvcMzTAzlappDQNGY7y7krBh-9_776MEnhxSjkX1Ee7CBxVgmcewCE8hkeqVVrttALxxXgFdIV9KhSXPUxqqVak2KtW5EN9Pm7sLjCDj_w3uSJ3xPKCP2mlCtpaNtRBr25Lxrq3Z64YjEDvHYJCgcdZY12GMiGtUWCSVHPj1SNNb9fX3B8RdRow:1mL0WQ:dLu3wOljHu9qQS_EaYFVsV51a6EQ5fHP5utZ8L4VKaw", "expire_date": "2021-09-14T09:57:38.510Z"}}, {"model": "sessions.session", "pk": "9de09kq3fue4qvnkzd5id7f0tjn4r6xg", "fields": {"session_data": ".eJxljEFuwyAQRe8ya8sy2MbYy-x7BjQMQ03iQAQmahT17q2rqFLV7Xvv_ycgUapxN3fOwQd2hq8YNlhi3bbm19bCGRbooQGDdV9_gAnuP7NIF46HcGeM76mlFPccbHsk7cuW9i053k6v9s_BimX9XkuhrXe9naQi1XGnxCyUFFM_zP2sUU0kfTd4oVASyXEY0epJ2hGF1JrJH6eFSwkpGv64hfyApWug4J1NiD7BsufKn1_E-1YA:1mK0z2:zCz5EgyF0FOlQOlWw5fCu4EF2Wzo3yvP3wtGcccj11Q", "expire_date": "2021-09-11T16:15:04.585Z"}}, {"model": "sessions.session", "pk": "eshuydcznrq5sfts2bw1ejry2lb5rexv", "fields": {"session_data": ".eJxVjL0OgzAMhN_FM4oIAddh7N5nQE7sAG0FEj8T4t0LFUM73em-u9ug4XXpmnXWqekFarCQ_WaB40uHE8iTh3Y0cRyWqQ_mrJiLzuYxir7vV_fvoOO5O9ZMN6mc1xB9smQlKqI6RE45luI8lbl6W2hiUSJlF4ULQodUxZRiPE4Dt1BvUEBtMyCoMYPy6609ZN8_xEo_8Q:1mDoAg:GwYSHnQAnFI20zjN9xbAP-mCLFJVdpUn4Fl26BuVB-k", "expire_date": "2021-08-25T13:21:26.317Z"}}, {"model": "sessions.session", "pk": "gmahr6sxa60aaz8qnify1e34ecjli061", "fields": {"session_data": ".eJxVj0FvhCAQhf-KnTMxIitFjr036X3dkBEGdbeFBrRps9n_Xkw8tNf33vdl5g4Gt3U2W6ZkFgcaOLC_2Yj2RmEv3BXDFGsbw5qWsd4n9dHm-jU6en85tv8EM-a50KieXSd6Gm3vueLOkpQkpETfyJMTvTo11POWPDpSilBYh62SQqrOem_tLs2U8xKDoe_PJf2Abhhk_CKzBB9Br2kjBiNOoO_ABWj-KMxHYXCiXE44nwcw5pqL4UgHYFXDqrZj1QBvKbrNrlV5hFZyTwNcLvD4BUujX10:1mIX4T:QfrcEH5lYy3vyczlOLbalx-9UILAX3wgGBa3p6ri4zE", "expire_date": "2021-09-07T14:06:33.720Z"}}, {"model": "sessions.session", "pk": "j8vuk4n9325ebmvk6signac1gagz1311", "fields": {"session_data": "e30:1mHmWg:thsbruc7U5NyeyRXGzC68Mqf-Ekpw1ivQwTWDsODAtI", "expire_date": "2021-09-05T12:24:34.965Z"}}, {"model": "sites.site", "pk": 1, "fields": {"domain": "babagifts.example.com", "name": "BabaGifts"}}, {"model": "account.emailaddress", "pk": 1, "fields": {"user": 1, "email": "iryna.sanzhara@gmail.com", "verified": true, "primary": true}}, {"model": "account.emailaddress", "pk": 2, "fields": {"user": 2, "email": "tester@gmail.com", "verified": true, "primary": true}}, {"model": "account.emailaddress", "pk": 3, "fields": {"user": 3, "email": "sean@sean.com", "verified": true, "primary": true}}, {"model": "products.product", "pk": 1, "fields": {"sku": "s10001", "name": "Leather Soft Soled Shoes for Boys", "description": "Beautiful pair of oxford shoes made with love and care from the softest leather.\r\n\r\nAll baby booties are made to order and one of a kind. They are entirely handcrafted by me in a small home studio in Wexford, Ireland. Please allow 3-5 days before they are ready and shipped.\r\n\r\nThese shoes are very soft and gentle to your baby's feet, made to be loved by babies and their parents.\r\n\r\nSIZE CHART\r\n\r\nPlease measure baby's feet from heel to toe and add 0,5-1 cm for wiggle room.\r\n\r\nSize 0-3 months - inner sole 9,5 cm\r\nSize 3-6 months - inner sole 10,5 cm\r\nSize 6-9 months - inner sole 11,5 cm\r\nSize 9-12 months - inner sole 12,5 cm\r\nSize 12-18 months- inner sole 13,5 cm", "has_sizes": true, "price": "45.00", "rating": "5.00", "image_url": "https://i.ibb.co/pZ5gH2C/IMG-3046.jpg"}}, {"model": "products.product", "pk": 2, "fields": {"sku": "s10002", "name": "Leather Soft Soled Brogue Shoes for Boys", "description": "Beautiful pair of brogue shoes made with love and care from the softest leather.\r\n\r\nThese shoes are very soft and gentle to your baby's feet, made to be loved by babies and their parents. \r\n\r\nSIZE CHART\r\n\r\nPlease measure baby's feet from heel to toe and add 0,5-1 cm for wiggle room. \r\n\r\nSize 0-3 months - inner sole 9,5 cm\r\nSize 3-6 months - inner sole 10,5 cm\r\nSize 6-9 months - inner sole 11,5 cm\r\nSize 9-12 months - inner sole 12,5 cm\r\nSize 12-18 months- inner sole 13,5 cm", "has_sizes": true, "price": "45.00", "rating": "5.00", "image_url": "https://i.ibb.co/6XPRxNN/4-D180-F45-8-E26-44-C6-8-E60-92-EA094-BCAE4.jpg"}}, {"model": "products.product", "pk": 3, "fields": {"sku": "s10003", "name": "Leather Soft Soled Baby Moccasins", "description": "Beautiful pair of soft soled shoes made with love and care from the softest leather.\r\n\r\nThese shoes are very soft and gentle to your baby's feet, made to be loved by babies and their parents. \r\n\r\n\r\nSIZE CHART\r\n\r\nPlease measure baby's feet from heel to toe and add 0,5-1 cm for wiggle room. \r\n\r\nSize 0-3 months - inner sole 9,5 cm\r\nSize 3-6 months - inner sole 10,5 cm\r\nSize 6-9 months - inner sole 11,5 cm\r\nSize 9-12 months - inner sole 12,5 cm\r\nSize 12-18 months- inner sole 13,5 cm", "has_sizes": true, "price": "30.00", "rating": "4.80", "image_url": "https://i.ibb.co/Xt83S6c/A78-FDDB7-E0-F1-4-E12-AFEF-29-AD8-D4-B18-F9.jpg"}}, {"model": "products.product", "pk": 4, "fields": {"sku": "s10004", "name": "Leather Soft Soled Baby Moccasins with Fringe", "description": "Beautiful pair of moccasin shoes made with love and care from the softest leather.\r\n\r\nThese shoes are very soft and gentle to your baby's feet, made to be loved by babies and their parents. \r\n\r\n\r\nSIZE CHART\r\n\r\nPlease measure baby's feet from heel to toe and add 0,5-1 cm for wiggle room. \r\n\r\nSize 0-3 months - inner sole 9,5 cm\r\nSize 3-6 months - inner sole 10,5 cm\r\nSize 6-9 months - inner sole 11,5 cm\r\nSize 9-12 months - inner sole 12,5 cm\r\nSize 12-18 months- inner sole 13,5 cm", "has_sizes": true, "price": "35.00", "rating": "5.00", "image_url": "https://i.ibb.co/ykbv0W9/D5-C6546-B-AF48-4607-B2-B5-819521438999.jpg"}}, {"model": "products.product", "pk": 5, "fields": {"sku": "s10005", "name": "Leather Soft Soled Brogue Shoes for Girls", "description": "Beautiful pair of brogue shoes made with love and care from the softest leather.\r\n\r\nThese shoes are very soft and gentle to your baby's feet, made to be loved by babies and their parents. \r\n\r\n\r\nSIZE CHART\r\n\r\nPlease measure baby's feet from heel to toe and add 0,5-1 cm for wiggle room. \r\n\r\nSize 0-3 months - inner sole 9,5 cm\r\nSize 3-6 months - inner sole 10,5 cm\r\nSize 6-9 months - inner sole 11,5 cm\r\nSize 9-12 months - inner sole 12,5 cm\r\nSize 12-18 months- inner sole 13,5 cm", "has_sizes": true, "price": "45.00", "rating": "5.00", "image_url": "https://i.ibb.co/YPxS4Rw/2021-E08-F-87-BA-4-A98-BD06-7-CBE2-B9-BD960.jpg"}}, {"model": "products.product", "pk": 6, "fields": {"sku": "s10006", "name": "Leather Baby Ballerina Shoes", "description": "Beautiful pair of ballerina shoes made with love and care from the softest leather.\r\n\r\nThese shoes are very soft and gentle to your baby's feet, made to be loved by babies and their parents. \r\n\r\n\r\nSIZE CHART\r\n\r\nPlease measure baby's feet from heel to toe and add 0,5-1 cm for wiggle room. \r\n\r\nSize 0-3 months - inner sole 9,5 cm\r\nSize 3-6 months - inner sole 10,5 cm\r\nSize 6-9 months - inner sole 11,5 cm\r\nSize 9-12 months - inner sole 12,5 cm\r\nSize 12-18 months- inner sole 13,5 cm", "has_sizes": true, "price": "40.00", "rating": "5.00", "image_url": "https://i.ibb.co/qCthkFS/IMG-3350.jpg"}}, {"model": "products.product", "pk": 7, "fields": {"sku": "s10007", "name": "First Birthday Gift Box for Boys", "description": "Beautiful gift for the first birthday celebration, which includes a pair of soft soled shoes (size 12-18 months), a dinky bow and a crown all made from real leather and wrapped in a a gift box.", "has_sizes": false, "price": "69.00", "rating": "4.80", "image_url": "https://i.ibb.co/GCZkcCx/F2-C98-F19-7-FDC-42-C4-AA15-38-A2-E837-CCCD.jpg"}}, {"model": "products.product", "pk": 8, "fields": {"sku": "s10008", "name": "Reversible leather crown", "description": "Adorable double sided reversible crown suitable for parties, dressing up and for everyday use. Made out of genuine Italian leather on both sides and will last you for years. \r\nComes in 3 different sizes: babies/toddlers, younger kids (up to 6 years), older kids/adults. Elastic on the back allows for generous sizing.", "has_sizes": true, "price": "20.00", "rating": "5.00", "image_url": "https://i.ibb.co/d6sthfq/A442-AD93-EAF4-4357-BE6-F-6-AB89-E55-A899.jpg"}}, {"model": "products.product", "pk": 9, "fields": {"sku": "s10009", "name": "Set of 2 leather hair bows", "description": "Handcrafted hair bows on alligator clips.", "has_sizes": false, "price": "7.00", "rating": "5.00", "image_url": "https://i.ibb.co/hd6FNx9/IMG-0232.jpg"}}, {"model": "products.product", "pk": 10, "fields": {"sku": "s10010", "name": "Leather Soft Soled Shoes with Bows", "description": "Beautiful pair of baby moccasins made with love and care from genuine Italian leather. \r\n\r\nSoft soled shoes are the best option for growing infant feet. Health benefits include the ability for baby’s feet to grow without restriction, allowing for full range of motion and serving as protection from daily hazards. Pre-walker shoes allow your child to extend their toes and grip the floor as if they were walking barefoot.\r\n\r\nThese shoes are very soft and gentle to your baby's feet, made for comfort of those tiny feet.\r\n\r\n\r\nSIZE CHART\r\n\r\nPlease measure baby's feet from heel to toe and add 0,5-1 cm for wiggle room. \r\n\r\nSize 0-3 months - inner sole 9,5 cm\r\nSize 3-6 months - inner sole 10,5 cm\r\nSize 6-9 months - inner sole 11,5 cm\r\nSize 9-12 months - inner sole 12,5 cm\r\nSize 12-18 months- inner sole 13,5 cm", "has_sizes": true, "price": "35.00", "rating": "5.00", "image_url": "https://i.ibb.co/4dPpXLn/IMG-1830.jpg"}}, {"model": "products.product", "pk": 11, "fields": {"sku": "s10011", "name": "Soother Clip", "description": "Handwoven body and wooden clip.", "has_sizes": false, "price": "6.00", "rating": null, "image_url": "https://i.ibb.co/23nq41y/IMG-2437.jpg"}}, {"model": "products.product", "pk": 12, "fields": {"sku": "s10012", "name": "Set of 3 leather hair bows", "description": "Carefully handcrafted leather hair bows", "has_sizes": false, "price": "12.00", "rating": "5.00", "image_url": "https://i.ibb.co/kywnPXx/IMG-4447.jpg"}}, {"model": "subscriptions.subscription", "pk": 1, "fields": {"sku": "s9001", "name": "Monthly headband subscription - 6 months", "description": "3 in a box", "price": "79.00", "duration": 6, "rating": null, "image_url": "https://i.ibb.co/H2RmhhW/IMG-2713.jpg"}}, {"model": "subscriptions.subscription", "pk": 2, "fields": {"sku": "s9002", "name": "Monthly hair clip subscription - 6 months", "description": "3 in a box", "price": "79.00", "duration": 6, "rating": null, "image_url": "https://i.ibb.co/DLL0LKr/1-F7-AF5-FD-DC46-4-DF7-90-B7-A531-C45-CCC20.jpg"}}, {"model": "subscriptions.subscription", "pk": 3, "fields": {"sku": "s9003", "name": "First year monthly headband subscription", "description": "2 in a box", "price": "79.00", "duration": 12, "rating": null, "image_url": "https://i.ibb.co/72FM2B0/IMG-9098.jpg"}}, {"model": "subscriptions.subscription", "pk": 4, "fields": {"sku": "s9004", "name": "Quarterly headband subscription - 12 months", "description": "3 in a box", "price": "59.00", "duration": 12, "rating": null, "image_url": "https://i.ibb.co/7zRY8kb/IMG-7319-1.jpg"}}, {"model": "subscriptions.subactive", "pk": 16, "fields": {"description": "Monthly hair clip subscription - 6 months", "sub_number": "113EDC3321F2470991F163B3E463D4DF", "user_profile": 1, "full_name": "Iryna Sanzhara", "email": "iryna.sanzhara@gmail.com", "phone_number": "+353831808757", "country": "IE", "postcode": "D05FN50", "town_or_city": "Dublin", "street_address1": "apt. 1, 88 Brookwood Avenue, Artane", "street_address2": null, "county": "Europe, Middle East, and Africa", "date": "2021-08-28T19:55:22.993Z", "end_date": "2022-02-28T19:55:23.024Z", "sub_total": "79.00", "stripe_pid": "pi_3JTXcKL2y4KMZU0t100C98DF"}}, {"model": "subscriptions.subactive", "pk": 17, "fields": {"description": "Monthly hair clip subscription - 6 months", "sub_number": "FED1140134DE4FA495E3284C2A8B97C5", "user_profile": null, "full_name": "Iryna Sanzhara", "email": "iryna.sanzhara@gmail.com", "phone_number": "+353831808757", "country": "IE", "postcode": "D05FN50", "town_or_city": "Dublin", "street_address1": "apt. 1, 88 Brookwood Avenue, Artane", "street_address2": null, "county": "Europe, Middle East, and Africa", "date": "2021-08-31T09:53:37.306Z", "end_date": "2022-02-28T09:53:37.341Z", "sub_total": "79.00", "stripe_pid": "pi_3JUTejL2y4KMZU0t0ax9Gb9D"}}, {"model": "checkout.order", "pk": 1, "fields": {"order_number": "287C7692C1AC451A873EF3491DBDA664", "user_profile": null, "full_name": "Iryna Sanzhara", "email": "iryna.sanzhara@gmail.com", "phone_number": "+353831808757", "country": "Ireland", "postcode": "Y35EV65", "town_or_city": "Wexford", "street_address1": "No 28 The Maltings", "street_address2": "Faythe", "county": "Wexford", "date": "2021-08-20T16:02:46.544Z", "delivery_cost": "5.00", "order_total": "109.00", "grand_total": "114.00", "original_bag": "", "stripe_pid": ""}}, {"model": "checkout.order", "pk": 2, "fields": {"order_number": "24F8B8F4BF094C47B93B070CDD36B699", "user_profile": null, "full_name": "Iryna Sanzhara", "email": "iryna.sanzhara@gmail.com", "phone_number": "+353831808757", "country": "Ireland", "postcode": "Y35EV65", "town_or_city": "Wexford", "street_address1": "No 28 The Maltings", "street_address2": "Faythe", "county": "Wexford", "date": "2021-08-20T16:18:13.227Z", "delivery_cost": "3.00", "order_total": "7.00", "grand_total": "10.00", "original_bag": "", "stripe_pid": ""}}, {"model": "checkout.order", "pk": 3, "fields": {"order_number": "0A0E845757774634B133B1D1DBD879F1", "user_profile": null, "full_name": "Iryna Sanzhara", "email": "iryna.sanzhara@gmail.com", "phone_number": "+353831808757", "country": "Ireland", "postcode": "Y35EV65", "town_or_city": "Wexford", "street_address1": "No 28 The Maltings", "street_address2": "Faythe", "county": "Wexford", "date": "2021-08-20T16:33:07.846Z", "delivery_cost": "3.00", "order_total": "20.00", "grand_total": "23.00", "original_bag": "", "stripe_pid": ""}}, {"model": "checkout.order", "pk": 4, "fields": {"order_number": "5D455B8013A244379300ECAA8A4A7C6C", "user_profile": null, "full_name": "Iryna Sanzhara", "email": "iryna.sanzhara@gmail.com", "phone_number": "+353831808757", "country": "IE", "postcode": "Y35EV65", "town_or_city": "Wexford", "street_address1": "No 28 The Maltings", "street_address2": "Faythe", "county": "Wexford", "date": "2021-08-20T18:10:41.548Z", "delivery_cost": "5.00", "order_total": "45.00", "grand_total": "50.00", "original_bag": "", "stripe_pid": ""}}, {"model": "checkout.order", "pk": 5, "fields": {"order_number": "BDE224922DBB4228B40AA669ED30E189", "user_profile": 1, "full_name": "Iryna Sanzhara", "email": "iryna.sanzhara@gmail.com", "phone_number": "+353831808757", "country": "IE", "postcode": "D05FN50", "town_or_city": "Dublin", "street_address1": "apt. 1, 88 Brookwood Avenue, Artane", "street_address2": null, "county": "Europe, Middle East, and Africa", "date": "2021-08-22T13:14:33.225Z", "delivery_cost": "5.00", "order_total": "45.00", "grand_total": "50.00", "original_bag": "{\"2\": {\"items_by_size\": {\"6-9\": 1}}}", "stripe_pid": "pi_3JRGV7L2y4KMZU0t13szO6yx"}}, {"model": "checkout.order", "pk": 6, "fields": {"order_number": "63DC63D6898F4D069AC26B99DFD49071", "user_profile": 1, "full_name": "Iryna Sanzhara", "email": "iryna.sanzhara@gmail.com", "phone_number": "+353831808757", "country": "IE", "postcode": "D05FN50", "town_or_city": "Dublin", "street_address1": "apt. 1, 88 Brookwood Avenue, Artane", "street_address2": null, "county": "Europe, Middle East, and Africa", "date": "2021-08-22T13:32:23.845Z", "delivery_cost": "5.00", "order_total": "126.00", "grand_total": "131.00", "original_bag": "{\"6\": {\"items_by_size\": {\"6-9\": 1}}, \"1\": {\"items_by_size\": {\"6-9\": 2}}, \"11\": 1}", "stripe_pid": "pi_3JRGmQL2y4KMZU0t0TQ0b0hj"}}, {"model": "checkout.order", "pk": 7, "fields": {"order_number": "E5CC93E3F6ED44C4AC8A1C3F007AD0C5", "user_profile": 1, "full_name": "Iryna Sanzhara", "email": "iryna.sanzhara@gmail.com", "phone_number": "+353831808757", "country": "IE", "postcode": "D05FN50", "town_or_city": "Dublin", "street_address1": "apt. 1, 88 Brookwood Avenue, Artane", "street_address2": null, "county": "Europe, Middle East, and Africa", "date": "2021-08-22T13:58:01.492Z", "delivery_cost": "5.00", "order_total": "45.00", "grand_total": "50.00", "original_bag": "{\"2\": {\"items_by_size\": {\"6-9\": 1}}}", "stripe_pid": "pi_3JRHB7L2y4KMZU0t1wCZk56R"}}, {"model": "checkout.order", "pk": 8, "fields": {"order_number": "9B69A413F3BD454E828E4CD88D66D736", "user_profile": null, "full_name": "test user", "email": "a@a.com", "phone_number": "0000000", "country": "AF", "postcode": "a", "town_or_city": "a", "street_address1": "a", "street_address2": null, "county": null, "date": "2021-08-26T11:22:53.015Z", "delivery_cost": "5.00", "order_total": "60.00", "grand_total": "65.00", "original_bag": "{\"3\": {\"items_by_size\": {\"6-9\": 2}}}", "stripe_pid": "pi_3JSgf2L2y4KMZU0t1bUJoijo"}}, {"model": "checkout.order", "pk": 9, "fields": {"order_number": "7DEA4BCB2C7C49CCA7F80A4DD76AEA45", "user_profile": 1, "full_name": "Iryna Sanzhara", "email": "iryna.sanzhara@gmail.com", "phone_number": "+353831808757", "country": "IE", "postcode": "D05FN50", "town_or_city": "Dublin", "street_address1": "apt. 1, 88 Brookwood Avenue, Artane", "street_address2": null, "county": "Europe, Middle East, and Africa", "date": "2021-08-28T13:29:27.654Z", "delivery_cost": "5.00", "order_total": "45.00", "grand_total": "50.00", "original_bag": "{\"2\": {\"items_by_size\": {\"6-9\": 1}}}", "stripe_pid": "pi_3JTRaBL2y4KMZU0t1HfCqtdL"}}, {"model": "checkout.order", "pk": 10, "fields": {"order_number": "142CBE89EE1E4F5FBE2083F2B466F430", "user_profile": 1, "full_name": "Iryna Sanzhara", "email": "iryna.sanzhara@gmail.com", "phone_number": "+353831808757", "country": "IE", "postcode": "D05FN50", "town_or_city": "Dublin", "street_address1": "apt. 1, 88 Brookwood Avenue, Artane", "street_address2": null, "county": "Europe, Middle East, and Africa", "date": "2021-08-28T14:00:59.070Z", "delivery_cost": "3.00", "order_total": "6.00", "grand_total": "9.00", "original_bag": "{\"11\": 1}", "stripe_pid": "pi_3JTS58L2y4KMZU0t1x1ua80Y"}}, {"model": "checkout.order", "pk": 11, "fields": {"order_number": "1DFDA8C47FFC4F30AB36E97FAB1EEF6C", "user_profile": 1, "full_name": "Iryna Sanzhara", "email": "iryna.sanzhara@gmail.com", "phone_number": "+353831808757", "country": "IE", "postcode": "D05FN50", "town_or_city": "Dublin", "street_address1": "apt. 1, 88 Brookwood Avenue, Artane", "street_address2": null, "county": "Europe, Middle East, and Africa", "date": "2021-08-28T14:03:44.209Z", "delivery_cost": "3.00", "order_total": "6.00", "grand_total": "9.00", "original_bag": "{\"11\": 1}", "stripe_pid": "pi_3JTS7hL2y4KMZU0t1O61cBfX"}}, {"model": "checkout.order", "pk": 12, "fields": {"order_number": "BE9FDEA8DC9542E6BC47E563858147BD", "user_profile": 1, "full_name": "Iryna Sanzhara", "email": "iryna.sanzhara@gmail.com", "phone_number": "+353831808757", "country": "IE", "postcode": "D05FN50", "town_or_city": "Dublin", "street_address1": "apt. 1, 88 Brookwood Avenue, Artane", "street_address2": null, "county": "Europe, Middle East, and Africa", "date": "2021-08-29T09:55:34.622Z", "delivery_cost": "3.00", "order_total": "20.00", "grand_total": "23.00", "original_bag": "{\"8\": {\"items_by_size\": {\"newborn\": 1}}}", "stripe_pid": "pi_3JTkjTL2y4KMZU0t0IkiujsB"}}, {"model": "checkout.orderlineitem", "pk": 1, "fields": {"order": 1, "product": 1, "product_size": "6-9", "quantity": 1, "lineitem_total": "40.00"}}, {"model": "checkout.orderlineitem", "pk": 2, "fields": {"order": 1, "product": 7, "product_size": null, "quantity": 1, "lineitem_total": "69.00"}}, {"model": "checkout.orderlineitem", "pk": 3, "fields": {"order": 2, "product": 9, "product_size": null, "quantity": 1, "lineitem_total": "7.00"}}, {"model": "checkout.orderlineitem", "pk": 5, "fields": {"order": 3, "product": 8, "product_size": "toddler", "quantity": 1, "lineitem_total": "20.00"}}, {"model": "checkout.orderlineitem", "pk": 6, "fields": {"order": 4, "product": 2, "product_size": "6-9", "quantity": 1, "lineitem_total": "45.00"}}, {"model": "checkout.orderlineitem", "pk": 7, "fields": {"order": 5, "product": 2, "product_size": "6-9", "quantity": 1, "lineitem_total": "45.00"}}, {"model": "checkout.orderlineitem", "pk": 8, "fields": {"order": 6, "product": 6, "product_size": "6-9", "quantity": 1, "lineitem_total": "40.00"}}, {"model": "checkout.orderlineitem", "pk": 9, "fields": {"order": 6, "product": 1, "product_size": "6-9", "quantity": 2, "lineitem_total": "80.00"}}, {"model": "checkout.orderlineitem", "pk": 10, "fields": {"order": 6, "product": 11, "product_size": null, "quantity": 1, "lineitem_total": "6.00"}}, {"model": "checkout.orderlineitem", "pk": 11, "fields": {"order": 7, "product": 2, "product_size": "6-9", "quantity": 1, "lineitem_total": "45.00"}}, {"model": "checkout.orderlineitem", "pk": 12, "fields": {"order": 8, "product": 3, "product_size": "6-9", "quantity": 2, "lineitem_total": "60.00"}}, {"model": "checkout.orderlineitem", "pk": 13, "fields": {"order": 9, "product": 2, "product_size": "6-9", "quantity": 1, "lineitem_total": "45.00"}}, {"model": "checkout.orderlineitem", "pk": 14, "fields": {"order": 10, "product": 11, "product_size": null, "quantity": 1, "lineitem_total": "6.00"}}, {"model": "checkout.orderlineitem", "pk": 15, "fields": {"order": 11, "product": 11, "product_size": null, "quantity": 1, "lineitem_total": "6.00"}}, {"model": "checkout.orderlineitem", "pk": 16, "fields": {"order": 12, "product": 8, "product_size": "newborn", "quantity": 1, "lineitem_total": "20.00"}}, {"model": "profiles.userprofile", "pk": 1, "fields": {"user": 1, "default_full_name": "('Iryna Sanzhara',)", "default_email": "('iryna.sanzhara@gmail.com',)", "default_phone_number": "+353831808757", "default_street_address1": "apt. 1, 88 Brookwood Avenue, Artane", "default_street_address2": null, "default_town_or_city": "Dublin", "default_postcode": "D05FN50", "default_county": "Europe, Middle East, and Africa", "default_country": "IE"}}, {"model": "profiles.userprofile", "pk": 2, "fields": {"user": 2, "default_full_name": null, "default_email": null, "default_phone_number": "+353831808757", "default_street_address1": "apt. 1, 88 Brookwood Avenue, Artane", "default_street_address2": null, "default_town_or_city": "Dublin", "default_postcode": "D05FN50", "default_county": "Europe, Middle East, and Africa", "default_country": "IE"}}, {"model": "profiles.userprofile", "pk": 3, "fields": {"user": 3, "default_full_name": null, "default_email": null, "default_phone_number": "44545456456", "default_street_address1": "test street 1", "default_street_address2": "asdasd", "default_town_or_city": "test street", "default_postcode": "00000000", "default_county": "meath", "default_country": "AX"}}, {"model": "wishlists.wishlist", "pk": 27, "fields": {"user": 1}}, {"model": "wishlists.wishlistitem", "pk": 26, "fields": {"wishlist": 27, "product": 3}}, {"model": "wishlists.wishlistitem", "pk": 27, "fields": {"wishlist": 27, "product": 6}}, {"model": "wishlists.wishlistitem", "pk": 28, "fields": {"wishlist": 27, "product": 11}}]